type,number_of_arrays,array_size,time
1,1000,1024,36.5815
0,1000,1024,3.07395e+12
1,1004,1024,36.5816
0,1004,1024,278.232
1,1008,1024,36.5816
0,1008,1024,279.189
1,1012,1024,36.5816
0,1012,1024,3.07395e+12
1,1016,1024,36.5816
0,1016,1024,3.07395e+12
1,1020,1024,36.5816
0,1020,1024,281.952
1,1024,1024,3.07395e+12
0,1024,1024,282.913
