type,number_of_arrays,array_size,time
1,1024,8,2.6e-05
0,1024,8,5.4e-05
1,1024,16,2.8e-05
0,1024,16,8.8e-05
1,1024,32,2.8e-05
0,1024,32,0.000178
1,1024,64,2.7e-05
0,1024,64,0.000354
1,1024,128,2.8e-05
0,1024,128,0.000542
1,1024,256,2.6e-05
0,1024,256,0.003969
1,1024,512,2.6e-05
0,1024,512,0.003309
1,1024,1024,2.6e-05
0,1024,1024,0.001689
1,1024,2048,2.6e-05
0,1024,2048,0.006521
1,1024,4096,2.6e-05
0,1024,4096,0.007168
1,1024,8192,1.1e-05
0,1024,8192,0.033559
