type,number_of_arrays,array_size,time
1,1000,512,3.11698
0,1000,512,70.5729
1,1004,512,3.11698
0,1004,512,70.8506
1,1008,512,3.11697
0,1008,512,71.0515
1,1012,512,3.117
0,1012,512,71.3228
1,1016,512,3.117
0,1016,512,71.5577
1,1020,512,3.11697
0,1020,512,71.8046
1,1024,512,3.117
0,1024,512,72.1331
