type,number_of_arrays,array_size,time
1,4,1000,1.36644e-05
0,4,1000,10.1593
1,4,1004,1.36644e-05
0,4,1004,10.2491
1,4,1008,1.36644e-05
0,4,1008,10.4551
1,4,1012,1.36644e-05
0,4,1012,10.3995
1,4,1016,1.36644e-05
0,4,1016,10.4452
1,4,1020,1.36644e-05
0,4,1020,10.4977
1,4,1024,1.36644e-05
0,4,1024,11.3379
