type,number_of_arrays,array_size,time
1,1000,4,2.46626e-05
0,1000,4,0.000713214
1,1004,4,2.46626e-05
0,1004,4,0.000705882
1,1008,4,2.46626e-05
0,1008,4,0.000706549
1,1012,4,2.08299e-05
0,1012,4,0.000696551
1,1016,4,2.08299e-05
0,1016,4,0.000714548
1,1020,4,2.11631e-05
0,1020,4,0.000706716
1,1024,4,2.11631e-05
0,1024,4,0.00070155
