type,number_of_arrays,array_size,time
1,8,8096,1.2e-05
0,8,8096,0.053313
1,16,8096,1.1e-05
0,16,8096,0.021676
1,32,8096,1.2e-05
0,32,8096,0.085989
1,64,8096,1.1e-05
0,64,8096,0.00865
1,128,8096,1.1e-05
0,128,8096,0.094251
1,256,8096,1.1e-05
0,256,8096,0.013296
1,512,8096,1.2e-05
0,512,8096,0.006964
1,1024,8096,1.2e-05
0,1024,8096,0.032507
