type,number_of_arrays,array_size,time
1,512,8,2.5e-05
0,512,8,5.7e-05
1,512,16,2.8e-05
0,512,16,6.6e-05
1,512,32,2.5e-05
0,512,32,0.000111
1,512,64,2.9e-05
0,512,64,0.000261
1,512,128,2.7e-05
0,512,128,0.000973
1,512,256,2.8e-05
0,512,256,0.002227
1,512,512,2.6e-05
0,512,512,0.004777
1,512,1024,2.6e-05
0,512,1024,0.002933
1,512,2048,2.8e-05
0,512,2048,0.003694
1,512,4096,2.6e-05
0,512,4096,0.015793
1,512,8192,1.1e-05
0,512,8192,0.012379
