type,number_of_arrays,array_size,time
1,8,512,2.5e-05
0,8,512,0.002604
1,16,512,2.8e-05
0,16,512,0.007946
1,32,512,2.7e-05
0,32,512,0.000344
1,64,512,2.8e-05
0,64,512,0.001651
1,128,512,2.9e-05
0,128,512,0.002196
1,256,512,2.6e-05
0,256,512,0.000745
1,512,512,2.7e-05
0,512,512,0.001048
1,1024,512,2.6e-05
0,1024,512,0.001722
