type,number_of_arrays,array_size,time
1,1024,1000,27.9552
0,1024,1000,260.172
1,1024,1004,27.5964
0,1024,1004,3.07395e+12
1,1024,1008,30.7008
0,1024,1008,270.117
1,1024,1012,28.0423
0,1024,1012,3.07395e+12
1,1024,1016,28.8552
0,1024,1016,257.711
1,1024,1020,28.4812
0,1024,1020,3.07395e+12
1,1024,1024,36.5816
0,1024,1024,3.07395e+12
