type,number_of_arrays,array_size,time
1,512,1000,27.9541
0,512,1000,128.691
1,512,1004,27.5952
0,512,1004,128.819
1,512,1008,30.6997
0,512,1008,3.07395e+12
1,512,1012,28.0411
0,512,1012,128.824
1,512,1016,28.8541
0,512,1016,3.07395e+12
1,512,1020,28.48
0,512,1020,131.531
1,512,1024,36.5804
0,512,1024,3.07395e+12
