type,number_of_arrays,array_size,time
1,8,8,2.9e-05
0,8,8,5.4e-05
1,8,16,2.7e-05
0,8,16,5.7e-05
1,8,32,2.7e-05
0,8,32,9.5e-05
1,8,64,2.5e-05
0,8,64,0.00027
1,8,128,2.8e-05
0,8,128,0.000944
1,8,256,2.6e-05
0,8,256,0.002898
1,8,512,2.7e-05
0,8,512,0.001324
1,8,1024,2.6e-05
0,8,1024,0.004674
1,8,2048,2.5e-05
0,8,2048,0.016413
1,8,4096,2.8e-05
0,8,4096,0.01811
1,8,8192,1.3e-05
0,8,8192,0.060172
